<LEVEL order="7" time="45">
  <MUSIC file="resources/audio/music/Roys_Song.wav;resources/audio/music/Roy's Song Fast.wav" />
  <!-- add multiple files, use ; to seperate -->
  <BACKGROUND sprite="resources/graphics/sprite/floor.png"/>
  <INVENTORY>
    <BULLET type="common" quantity="50" />
    <BULLET type="smoke" quantity="50" />
  </INVENTORY>
  <MAP>
    <WALLS>


      <WALL position="5;5" dimension="16;1"/>
      <WALL position="5;17" dimension="16;1"/>
      <WALL position="5;6" dimension="1;11"/>
      <WALL position="20;6" dimension="1;11"/>

      <WALL position="8;16" dimension="1;1"/>
      <WALL position="10;15" dimension="1;1"/>
      <WALL position="12;16" dimension="1;1"/>
      <WALL position="14;15" dimension="1;1"/>
      <WALL position="16;16" dimension="1;1"/>
      <WALL position="18;15" dimension="1;1"/>
      <WALL position="19;15" dimension="1;1"/>


      <!-- <WALL position="5;14" dimension="15;1"/> -->

    </WALLS>

    <GLASSWALLS>

      <GLASS position="6;14" dimension="14;1"/>

    </GLASSWALLS>
    <BOXES>
      <BOX position="8.5;15.5"/>
      <BOX position="10.5;16.5"/>
      <BOX position="12.5;15.5"/>
      <BOX position="14.5;16.5"/>
      <BOX position="16.5;15.5"/>
      <BOX position="18.5;16.5"/>

    </BOXES>
    <FINISH position="19.5;16.5" />
  </MAP>
  <CHARACTERS>
    <PLAYER position="7.5;16"  />

    <!-- <ENEMY position="8;10" property="static" viewangle="120" viewdirection="90" viewdistance="300" rotateangle="0" sprite="resources/graphics/sprite/camera.png"/> -->
    <ENEMY position="13;12" property="static" viewangle="120" viewdirection="90" viewdistance="290" rotateangle="0" sprite="resources/graphics/sprite/camera.png"/>
    <ENEMY position="18;12" property="static" viewangle="120" viewdirection="90" viewdistance="300" rotateangle="0" sprite="resources/graphics/sprite/camera.png"/>

  </CHARACTERS>
</LEVEL>
