<LEVEL order="6" time="20">
  <MUSIC file="resources/audio/music/Roys_Song.wav;resources/audio/music/Roy's Song Fast.wav" />
  <!-- add multiple files, use ; to seperate -->
  <BACKGROUND sprite="resources/graphics/sprite/floor.png"/>
  <INVENTORY>
    <BULLET type="common" quantity="0" />
    <BULLET type="smoke" quantity="1" />
  </INVENTORY>
  <MAP>
    <WALLS>
      <!-- <WALL position="5.5;7.5" dimension="1;1"/>
      <WALL position="7.5;7.5" dimension="1;1"/> -->

      <WALL position="0;0" dimension="30;1"/>
      <WALL position="0;12" dimension="30;1"/>
      <WALL position="0;1" dimension="1;11"/>
      <WALL position="29;1" dimension="1;11"/>





    </WALLS>

    <TRAPS>

      <TRAP position="11.5;9" time="5"/>
      <TRAP position="4.5;7" time="5"/>
      <TRAP position="14.5;4.5" time="5"/>
      <TRAP position="25.5;9" time="5"/>
      <TRAP position="26.5;9" time="5"/>
      <TRAP position="11.5;9" time="5"/>

      <TRAP position="27.5;11.5" time="5"/>
      <TRAP position="27.5;10.5" time="5"/>
      <TRAP position="28.5;10.5" time="5"/>

    </TRAPS>

    <FINISH position="28.5;11.5" />
    <TRAP position="999;999"/>
  </MAP>
  <CHARACTERS>
    <PLAYER position="2.5;2.5"  />

    <ENEMY position="6;6.5" property="static" viewangle="90" viewdirection="350" viewdistance="250" rotateangle="100" sprite="resources/graphics/sprite/camera.png"/>
    <ENEMY position="6;9.5" property="static" viewangle="90" viewdirection="180" viewdistance="250" rotateangle="50"sprite="resources/graphics/sprite/camera.png"/>
    <ENEMY position="10;2.5" property="static" viewangle="90" viewdirection="90" viewdistance="250" rotateangle="180"sprite="resources/graphics/sprite/camera.png"/>
    <ENEMY position="13;7.5" property="static" viewangle="90" viewdirection="0" viewdistance="250" rotateangle="360"sprite="resources/graphics/sprite/camera.png"/>
    <ENEMY position="18;9.5" property="static" viewangle="90" viewdirection="150" viewdistance="250" rotateangle="90"sprite="resources/graphics/sprite/camera.png"/>
    <ENEMY position="20;4.5" property="static" viewangle="90" viewdirection="200" viewdistance="250" rotateangle="120"sprite="resources/graphics/sprite/camera.png"/>
    <ENEMY position="24;8.5" property="static" viewangle="90" viewdirection="180" viewdistance="250" rotateangle="50"sprite="resources/graphics/sprite/camera.png"/>
    <ENEMY position="25;4.5" property="static" viewangle="90" viewdirection="140" viewdistance="250" rotateangle="160"sprite="resources/graphics/sprite/camera.png"/>

  </CHARACTERS>
</LEVEL>
