<LEVEL order="8" time="20">
  <MUSIC file="resources/audio/music/Roys_Song.wav;resources/audio/music/Roy's Song Fast.wav" />
  <!-- add multiple files, use ; to seperate -->
  <BACKGROUND sprite="resources/graphics/sprite/floor.png"/>
  <INVENTORY>
    <BULLET type="common" quantity="0" />
    <BULLET type="smoke" quantity="0" />
  </INVENTORY>
  <MAP>
    <WALLS>
      <WALL position="0;3" dimension="12;1"/>
      <WALL position="0;11" dimension="15;1"/>


      <WALL position="0;4" dimension="1;7"/>
      <WALL position="1;4" dimension="1;1"/>
      <WALL position="1;5" dimension="2;5"/>
      <WALL position="4;5" dimension="1;5"/>
      <WALL position="6;5" dimension="1;5"/>
      <WALL position="8;5" dimension="1;5"/>
      <WALL position="10;5" dimension="1;5"/>
      <WALL position="11;3" dimension="3;7"/>
      <WALL position="14;3" dimension="1;8"/>





    </WALLS>
    <GLASSWALLS>

      <GLASS position="3;5" dimension="1;5"/>
      <GLASS position="5;5" dimension="1;5"/>
      <GLASS position="7;5" dimension="1;5"/>
      <GLASS position="9;5" dimension="1;5"/>

    </GLASSWALLS>
    <FINISH position="13.5;10.5" />
  </MAP>
  <CHARACTERS>
    <PLAYER position="1.5;10.5"  />

    <ENEMY position="3;4.5" property="moving" viewangle="90" viewdirection="90" viewdistance="305" left="0" right="8" up="0" down="0" movedirection="0"/>
    <ENEMY position="5.5;4.5" property="moving" viewangle="90" viewdirection="90" viewdistance="305" left="2.5" right="5.5" up="0" down="0" movedirection="0"/>
    <ENEMY position="8;4.5" property="moving" viewangle="90" viewdirection="90" viewdistance="305" left="5" right="3" up="0" down="0" movedirection="0"/>
    <ENEMY position="10.5;4.5" property="moving" viewangle="90" viewdirection="90" viewdistance="305" left="7.5" right="0.5" up="0" down="0" movedirection="0"/>
  </CHARACTERS>
</LEVEL>
