<LEVEL order="2" time="20">
  <MUSIC file="resources/audio/music/Roys_Song.wav;resources/audio/music/Roy's Song Fast.wav" />
  <!-- add multiple files, use ; to seperate -->
  <BACKGROUND sprite="resources/graphics/sprite/floor.png"/>
  <INVENTORY>
    <BULLET type="common" quantity="16" />
    <BULLET type="smoke" quantity="4" />
  </INVENTORY>
  <MAP>
    <WALLS>


      <WALL position="0;0" dimension="38;1"/>
      <WALL position="0;2" dimension="38;1"/>


    </WALLS>
    <BOXES>
      <BOX position="0;1.5"/>

    </BOXES>
    <FINISH position="38.5;1.5" />
  </MAP>
  <CHARACTERS>
    <PLAYER position="1.5;1.5"  />
    <ENEMY position="8.5;1.5" property="static" viewangle="90" viewdirection="180" viewdistance="100" rotateangle="40" />
    <ENEMY position="10.5;1.5" property="static" viewangle="90" viewdirection="180" viewdistance="100" rotateangle="40" />
    <ENEMY position="12.5;1.5" property="static" viewangle="90" viewdirection="180" viewdistance="100" rotateangle="40" />
    <ENEMY position="14.5;1.5" property="static" viewangle="90" viewdirection="180" viewdistance="100" rotateangle="40" />
    <ENEMY position="16.5;1.5" property="static" viewangle="90" viewdirection="180" viewdistance="100" rotateangle="40" />
    <ENEMY position="18.5;1.5" property="static" viewangle="90" viewdirection="180" viewdistance="100" rotateangle="40" />
    <ENEMY position="20.5;1.5" property="static" viewangle="90" viewdirection="180" viewdistance="100" rotateangle="40" />
    <ENEMY position="22.5;1.5" property="static" viewangle="90" viewdirection="180" viewdistance="100" rotateangle="40" />
    <ENEMY position="24.5;1.5" property="static" viewangle="90" viewdirection="180" viewdistance="100" rotateangle="40" />
    <ENEMY position="26.5;1.5" property="static" viewangle="90" viewdirection="180" viewdistance="100" rotateangle="40" />
    <ENEMY position="28.5;1.5" property="static" viewangle="90" viewdirection="180" viewdistance="100" rotateangle="40" />
    <ENEMY position="30.5;1.5" property="static" viewangle="90" viewdirection="180" viewdistance="100" rotateangle="40" />
    <ENEMY position="32.5;1.5" property="static" viewangle="90" viewdirection="180" viewdistance="100" rotateangle="40" />
    <ENEMY position="34.5;1.5" property="static" viewangle="90" viewdirection="180" viewdistance="100" rotateangle="40" />
    <ENEMY position="36.5;1.5" property="static" viewangle="90" viewdirection="180" viewdistance="100" rotateangle="40" />
  </CHARACTERS>
</LEVEL>
