<LEVEL order="5" time="30">
  <MUSIC file="resources/audio/music/Roys_Song.wav;resources/audio/music/Roy's Song Fast.wav" />
  <!-- add multiple files, use ; to seperate -->
  <BACKGROUND sprite="resources/graphics/sprite/floor.png"/>
  <INVENTORY>
    <BULLET type="common" quantity="0" />
    <BULLET type="smoke" quantity="4" />
  </INVENTORY>
  <MAP>
    <WALLS>
      <WALL position="0;3" dimension="12;1"/>
      <WALL position="0;16" dimension="15;1"/>


      <WALL position="0;4" dimension="1;12"/>
      <WALL position="1;8" dimension="1;8"/>

      <WALL position="2;8" dimension="1;8"/>

      <WALL position="1;6" dimension="2;1"/>
      <WALL position="4;6" dimension="1;1"/>
      <WALL position="6;6" dimension="1;1"/>
      <WALL position="8;6" dimension="1;1"/>
      <WALL position="10;6" dimension="1;1"/>

      <WALL position="11;3" dimension="3;12"/>
      <WALL position="14;3" dimension="1;13"/>





    </WALLS>
    <GLASSWALLS>

      <GLASS position="3;6" dimension="1;1"/>
      <GLASS position="5;6" dimension="1;1"/>
      <GLASS position="7;6" dimension="1;1"/>
      <GLASS position="9;6" dimension="1;1"/>
      <GLASS position="3;8" dimension="7;1"/>
      <GLASS position="4;10" dimension="7;1"/>
      <GLASS position="3;12" dimension="7;1"/>
      <GLASS position="4;14" dimension="7;1"/>

    </GLASSWALLS>
    <FINISH position="13.5;15.5" />
  </MAP>
  <CHARACTERS>
    <PLAYER position="1.5;7.5"  />

    <ENEMY position="3.5;4.5" property="static" viewangle="90" viewdirection="90" viewdistance="700" rotateangle="0" sprite="resources/graphics/sprite/camera.png"/>
    <ENEMY position="5.5;4.5" property="static" viewangle="90" viewdirection="90" viewdistance="700" rotateangle="0" sprite="resources/graphics/sprite/camera.png"/>
    <ENEMY position="7.5;4.5" property="static" viewangle="90" viewdirection="90" viewdistance="700" rotateangle="0" sprite="resources/graphics/sprite/camera.png"/>
    <ENEMY position="9.5;4.5" property="static" viewangle="90" viewdirection="90" viewdistance="700" rotateangle="0" sprite="resources/graphics/sprite/camera.png"/>
  </CHARACTERS>
</LEVEL>
