<LEVEL order="Lava Leapers" time="3s0">
  <MUSIC file="resources/audio/music/Roys_Song.wav;resources/audio/music/Roy's Song Fast.wav" />
  <!-- add multiple files, use ; to seperate -->
  <!-- you can add the background like this
  <BACKGROUND sprite="resources/graphics/sprite/grassFloor.png"/>
-->
<BACKGROUND sprite="resources/graphics/sprite/bonus/lavaBackground.png"/>
  <INVENTORY>
    <BULLET type="common" quantity="0" />
    <BULLET type="smoke" quantity="0" />
  </INVENTORY>
  <MAP>
    <WALLS>
      <WALL position="20;35" dimension="3;1"/>
      <WALL position="25;30" dimension="3;1"/>
      <WALL position="20;25" dimension="3;1"/>
      <WALL position="25;20" dimension="3;1"/>
      <WALL position="34;23" dimension="3;1"/>
      <WALL position="41;20" dimension="3;1"/>
      <WALL position="48;16" dimension="3;1"/>
      <WALL position="44;11" dimension="3;1"/>
      <WALL position="49;6" dimension="3;1"/>


      <WALL position="0;0" dimension="1;100"/>
      <WALL position="70;0" dimension="1;100"/>

    </WALLS>


    <FINISH position="51.5;5.5" sprite="resources/graphics/sprite/bonus/lavaExit.png"/>
  </MAP>
  <CHARACTERS>
    <PLAYER position="21.5;34.5"  sprite="resources/graphics/sprite/bonus/lavaGuy.png"/>


    <ENEMY position="10;12" property="bouncing" direction="180" speed="400" size="40"  killable="0" sprite="resources/graphics/sprite/bonus/lavaBall.png"/>
    <ENEMY position="20;17" property="bouncing" direction="0" speed="400" size="40"  killable="0" sprite="resources/graphics/sprite/bonus/lavaBall.png"/>
    <ENEMY position="30;22" property="bouncing" direction="180" speed="400" size="40"  killable="0" sprite="resources/graphics/sprite/bonus/lavaBall.png"/>
    <ENEMY position="40;27" property="bouncing" direction="180" speed="400" size="40"  killable="0" sprite="resources/graphics/sprite/bonus/lavaBall.png"/>
    <ENEMY position="70;8" property="bouncing" direction="180" speed="400" size="40"  killable="0" sprite="resources/graphics/sprite/bonus/lavaBall.png"/>
    <ENEMY position="55;12" property="bouncing" direction="0" speed="400" size="40"  killable="0" sprite="resources/graphics/sprite/bonus/lavaBall.png"/>
    <ENEMY position="15;17" property="bouncing" direction="180" speed="400" size="40"  killable="0" sprite="resources/graphics/sprite/bonus/lavaBall.png"/>
    <ENEMY position="25;22" property="bouncing" direction="0" speed="400" size="40"  killable="0" sprite="resources/graphics/sprite/bonus/lavaBall.png"/>
    <ENEMY position="35;12" property="bouncing" direction="180" speed="400" size="40"  killable="0" sprite="resources/graphics/sprite/bonus/lavaBall.png"/>
    <ENEMY position="45;8" property="bouncing" direction="180" speed="400" size="40"  killable="0" sprite="resources/graphics/sprite/bonus/lavaBall.png"/>


  </CHARACTERS>
</LEVEL>
