<LEVEL order="9" time="15">
  <MUSIC file="resources/audio/music/Roys_Song.wav;resources/audio/music/Roy's Song Fast.wav" />
  <!-- add multiple files, use ; to seperate -->
  <BACKGROUND sprite="resources/graphics/sprite/floor.png"/>
  <INVENTORY>
    <BULLET type="common" quantity="1" />
    <BULLET type="smoke" quantity="1" />
  </INVENTORY>
  <MAP>
    <WALLS>
      <!-- <WALL position="5.5;7.5" dimension="1;1"/>
      <WALL position="7.5;7.5" dimension="1;1"/> -->

      <WALL position="8;9" dimension="34;1"/>
      <WALL position="8;41" dimension="34;1"/>
      <WALL position="8;10" dimension="1;31"/>
      <WALL position="41;10" dimension="1;31"/>





    </WALLS>
    <GLASSWALLS>

      <GLASS position="24;19" dimension="1;6"/>
      <GLASS position="26;19" dimension="1;6"/>
      <GLASS position="24;26" dimension="1;6"/>
      <GLASS position="26;26" dimension="1;6"/>
      <GLASS position="26;24" dimension="6;1"/>
      <GLASS position="26;26" dimension="6;1"/>
      <GLASS position="19;24" dimension="6;1"/>
      <GLASS position="19;26" dimension="6;1"/>


    </GLASSWALLS>
    <FINISH position="32.5;30.5" />
  </MAP>
  <CHARACTERS>
    <PLAYER position="25.5;25.5"  />

    <ENEMY position="10.5;25.5" property="moving" viewangle="90" viewdirection="0" viewdistance="300" left="0" right="12" up="0" down="0" movedirection="0"/>
    <ENEMY position="40.5;25.5" property="moving" viewangle="90" viewdirection="180" viewdistance="300" left="12" right="0" up="0" down="0" movedirection="180"/>
    <ENEMY position="25.5;10.5" property="moving" viewangle="90" viewdirection="90" viewdistance="300" left="0" right="0" up="0" down="12" movedirection="270"/>
    <ENEMY position="25.5;40.5" property="moving" viewangle="90" viewdirection="270" viewdistance="300" left="0" right="0" up="12" down="0" movedirection="90"/>


  </CHARACTERS>
</LEVEL>
