<LEVEL order="1" time="30">
  <MUSIC file="resources/audio/music/Roys_Song.wav;resources/audio/music/Roy's Song Fast.wav" />
  <!-- add multiple files, use ; to seperate -->
  <!-- you can add the background like this
  <BACKGROUND sprite="resources/graphics/sprite/floor.png"/>
-->
<BACKGROUND sprite="resources/graphics/sprite/floor.png"/>
  <INVENTORY>
    <BULLET type="common" quantity="3" />
    <BULLET type="smoke" quantity="3" />
  </INVENTORY>
  <MAP>
    <WALLS>
      <!-- <WALL position="5.5;7.5" dimension="1;1"/>
      <WALL position="7.5;7.5" dimension="1;1"/> -->

      <WALL position="0;4" dimension="20;1"/>
      <WALL position="0;8" dimension="20;1"/>
      <WALL position="0;5" dimension="1;4"/>
      <WALL position="19;5" dimension="1;4"/>





    </WALLS>
    <FINISH position="15.5;6.5" />
  </MAP>
  <CHARACTERS>
    <PLAYER position="3.5;6.5"  />

    <ENEMY position="18.5;5.5" property="static" viewangle="90" viewdirection="180" viewdistance="300" rotateangle="0"/>
    <ENEMY position="18.5;7.5" property="static" viewangle="90" viewdirection="180" viewdistance="300" rotateangle="0"/>

  </CHARACTERS>
</LEVEL>
