<LEVEL order="4" time="15">
    <MUSIC file="resources/audio/music/Roys_Song.wav;resources/audio/music/Roy's Song Fast.wav" />
  <!-- add multiple files, use ; to seperate -->
  <BACKGROUND sprite="resources/graphics/sprite/grassFloor.png"/>
  <INVENTORY>
    <BULLET type="common" quantity="5" />
    <BULLET type="smoke" quantity="4" />
  </INVENTORY>
  <MAP>
    <WALLS>
      <!-- <WALL position="5.5;7.5" dimension="1;1"/>
      <WALL position="7.5;7.5" dimension="1;1"/> -->

      <WALL position="0;0" dimension="16;1"sprite="resources/graphics/sprite/grassWall.png"/>
      <WALL position="0;11" dimension="16;1"sprite="resources/graphics/sprite/grassWall.png"/>
      <WALL position="0;1" dimension="1;10"sprite="resources/graphics/sprite/grassWall.png"/>
      <WALL position="15;1" dimension="1;10"sprite="resources/graphics/sprite/grassWall.png"/>



      <WALL dimension="2;1" position="1;7" sprite="resources/graphics/sprite/grassWall.png"/>
      <WALL dimension="2;1" position="1;4" sprite="resources/graphics/sprite/grassWall.png"/>
      <WALL dimension="1;1" position="3.5;7" sprite="resources/graphics/sprite/grassWall.png"/>
      <WALL dimension="1;1" position="3.5;4" sprite="resources/graphics/sprite/grassWall.png"/>
      <WALL dimension="2;1" position="6;7" sprite="resources/graphics/sprite/grassWall.png"/>
      <WALL dimension="2;1" position="6;4" sprite="resources/graphics/sprite/grassWall.png"/>
      <WALL dimension="1;1" position="13;7" sprite="resources/graphics/sprite/grassWall.png"/>
      <WALL dimension="1;1" position="11.5;7" sprite="resources/graphics/sprite/grassWall.png"/>
      <WALL dimension="2;1" position="13;4" sprite="resources/graphics/sprite/grassWall.png"/>
      <WALL dimension="1;1" position="11.5;4" sprite="resources/graphics/sprite/grassWall.png"/>
    </WALLS>


    <FINISH position="14;9" />

  </MAP>
  <CHARACTERS>
    <PLAYER position="1.5;6"  />
    <ENEMY position="7.5;9.5" property="moving" viewangle="90" viewdirection="270" viewdistance="300" left="4" right="4" up="0" down="0" movedirection="0" sprite="resources/graphics/sprite/dinosaur.png"/>
    <ENEMY position="7.5;1.5" property="moving" viewangle="90" viewdirection="90" viewdistance="300" left="4" right="4" up="0" down="0" movedirection="0" sprite="resources/graphics/sprite/dinosaur.png"/>

    <ENEMY position="2.5;3.5" property="static" viewangle="90" viewdirection="0" viewdistance="300" rotateangle="0" sprite="resources/graphics/sprite/dinosaur.png"/>
    <ENEMY position="2.5;8.5" property="static" viewangle="90" viewdirection="0" viewdistance="300" rotateangle="0" sprite="resources/graphics/sprite/dinosaur.png"/>
    <ENEMY position="12.5;8.5" property="static" viewangle="90" viewdirection="150" viewdistance="300" rotateangle="0" sprite="resources/graphics/sprite/dinosaur.png"/>
    <ENEMY position="12.5;3.5" property="static" viewangle="90" viewdirection="210" viewdistance="300" rotateangle="0" sprite="resources/graphics/sprite/dinosaur.png"/>

  </CHARACTERS>
</LEVEL>
